{"name": "LIE", "error": [0.13297118137900327, 0.06457731464957905, 0.042827064027444024, 0.03206195697111375], "depth": [51, 102, 153, 204]}